<nodeDefs>
  <!-- RachioBridge (Virtual Cloud Interface) -->
  <nodeDef id="rachio" nls="rapi">
    <editors />
    <sts>
      <st id="ST" editor="bool" />
    </sts>
    <cmds>
      <sends />
      <accepts>
        <cmd id="DISCOVER" />
      </accepts>
    </cmds>
  </nodeDef>

  <!-- RachioController -->
  <nodeDef id="rachio_device" nls="rdev">
    <editors />
    <sts>
      <st id="ST" editor="onoff" />
      <st id="GV0" editor="truefalse" />
      <st id="GV1" editor="truefalse" />
      <st id="GV2" editor="truefalse" />
      <st id="GV3" editor="raindelay" />
      <st id="GV10" editor="runtypes" />
      <st id="GV4" editor="zonenum" />
      <st id="GV5" editor="minutes" />
      <st id="GV6" editor="minutes" />
      <st id="GV7" editor="truefalse" />
      <st id="GV8" editor="cycle" />
      <st id="GV9" editor="cycle" />
      <st id="GV11" editor="minuteslng" />
      <st id="GV12" editor="schedtypes" />
    </sts>
    <cmds>
      <sends />
      <accepts>
        <cmd id="DON" />
        <cmd id="DOF" />
        <cmd id="STOP" />
        <cmd id="QUERY" />
        <cmd id="RAIN_DELAY">
          <p id="" editor="raindelay" init="GV3" />
        </cmd>
      </accepts>
    </cmds>
  </nodeDef>

  <nodeDef id="rachio_zone" nls="rzone">
    <editors />
    <sts>
      <st id="ST" editor="onoff" />
      <st id="GV0" editor="truefalse" />
      <st id="GV1" editor="zonenum" />
      <st id="GV2" editor="inches" />
      <st id="GV3" editor="inches" />
      <st id="GV4" editor="inches" />
      <st id="GV5" editor="pct" />
      <st id="GV6" editor="sqft" />
      <st id="GV7" editor="inches" />
      <st id="GV8" editor="inches" />
      <st id="GV9" editor="minutes" />
      <st id="GV10" editor="inchhr" />
    </sts>
    <cmds>
      <sends />
      <accepts>
        <cmd id="START">
          <p id="" editor="minutes" init="2" />
        </cmd>
        <cmd id="QUERY" />
      </accepts>
    </cmds>
  </nodeDef>

  <nodeDef id="rachio_schedule" nls="rsched">
    <editors />
    <sts>
      <st id="ST" editor="onoff" />
      <st id="GV0" editor="truefalse" />
      <st id="GV1" editor="truefalse" />
      <st id="GV2" editor="minutes" />
      <st id="GV3" editor="seasonal" />
      <st id="GV4" editor="minuteslng" />
    </sts>
    <cmds>
      <sends />
      <accepts>
        <cmd id="START" />
        <cmd id="SKIP" />
        <cmd id="ADJUST">
          <p id="" editor="seasonal" init="GV3" />
        </cmd>
        <cmd id="QUERY" />
      </accepts>
    </cmds>
  </nodeDef>

  <nodeDef id="rachio_flexschedule" nls="rflex">
    <editors />
    <sts>
      <st id="ST" editor="onoff" />
      <st id="GV0" editor="truefalse" />
      <st id="GV2" editor="minutes" />
      <st id="GV4" editor="minuteslng" />
    </sts>
    <cmds>
      <sends />
      <accepts>
        <cmd id="QUERY" />
      </accepts>
    </cmds>
  </nodeDef>
</nodeDefs>